source,target,weight
AWS,APP001,0.8
AWS,APP002,0.8
AWS,APP003,0.8
Check Point,APP004,0.8
Check Point,APP005,0.8
Check Point,APP006,0.8
Google Cloud,APP007,0.8
Google Cloud,APP008,0.8
Google Cloud,APP009,0.8
Oracle,APP010,0.8
Oracle,APP011,0.8
Oracle,APP012,0.8
Cisco,APP013,0.8
Cisco,APP014,0.8
Cisco,APP015,0.8
CrowdStrike,APP016,0.8
CrowdStrike,APP017,0.8
CrowdStrike,APP018,0.8
Cloudflare,APP019,0.8
Cloudflare,APP020,0.8
Cloudflare,APP021,0.8
Microsoft Azure,APP022,0.8
Microsoft Azure,APP023,0.8
Microsoft Azure,APP024,0.8
IBM Cloud,APP025,0.8
IBM Cloud,APP026,0.8
IBM Cloud,APP027,0.8
Fortinet,APP028,0.8
Fortinet,APP029,0.8
Fortinet,APP030,0.8
Snowflake,APP031,0.8
Snowflake,APP032,0.8
Snowflake,APP033,0.8
Palo Alto Networks,APP034,0.8
Palo Alto Networks,APP035,0.8
Palo Alto Networks,APP036,0.8
Deloitte,APP037,0.8
Deloitte,APP038,0.8
Deloitte,APP039,0.8
EY,APP040,0.8
EY,APP041,0.8
EY,APP042,0.8
KPMG,APP043,0.8
KPMG,APP044,0.8
KPMG,APP045,0.8
SAP,APP046,0.8
SAP,APP047,0.8
SAP,APP048,0.8
Oracle Cloud,APP049,0.8
Oracle Cloud,APP050,0.8
Oracle Cloud,APP051,0.8
Okta,APP052,0.8
Okta,APP053,0.8
Okta,APP054,0.8
Trend Micro,APP055,0.8
Trend Micro,APP056,0.8
Trend Micro,APP057,0.8
PwC,APP058,0.8
PwC,APP059,0.8
PwC,APP060,0.8
TCS,APP061,0.8
TCS,APP062,0.8
TCS,APP063,0.8
Zscaler,APP064,0.8
Zscaler,APP065,0.8
Zscaler,APP066,0.8
PayPal,APP067,0.8
PayPal,APP068,0.8
PayPal,APP069,0.8
ServiceNow,APP070,0.8
ServiceNow,APP071,0.8
ServiceNow,APP072,0.8
Visa,APP073,0.8
Visa,APP074,0.8
Visa,APP075,0.8
Infosys,APP076,0.8
Infosys,APP077,0.8
Infosys,APP078,0.8
Workday,APP079,0.8
Workday,APP080,0.8
Workday,APP081,0.8
Mastercard,APP082,0.8
Mastercard,APP083,0.8
Mastercard,APP084,0.8
MongoDB,APP085,0.8
MongoDB,APP086,0.8
MongoDB,APP087,0.8
Databricks,APP088,0.8
Databricks,APP089,0.8
Databricks,APP090,0.8
Accenture,APP091,0.8
Accenture,APP092,0.8
Accenture,APP093,0.8
Wipro,APP094,0.8
Wipro,APP095,0.8
Wipro,APP096,0.8
Redis,APP097,0.8
Redis,APP098,0.8
Redis,APP099,0.8
Ping Identity,APP100,0.8
Ping Identity,APP101,0.8
Ping Identity,APP102,0.8
Stripe,APP103,0.8
Stripe,APP104,0.8
Stripe,APP105,0.8
Auth0,APP106,0.8
Auth0,APP107,0.8
Auth0,APP108,0.8
APP001,API0007,0.6
APP001,API0015,0.6
APP002,API0010,0.6
APP002,API0001,0.6
APP002,API0008,0.6
APP002,API0009,0.6
APP002,API0014,0.6
APP003,API0003,0.6
APP003,API0011,0.6
APP003,API0012,0.6
APP003,API0006,0.6
APP003,API0004,0.6
APP003,API0013,0.6
APP003,API0005,0.6
APP003,API0002,0.6
APP004,API0017,0.6
APP004,API0030,0.6
APP005,API0023,0.6
APP005,API0016,0.6
APP005,API0026,0.6
APP005,API0018,0.6
APP005,API0029,0.6
APP006,API0019,0.6
APP006,API0020,0.6
APP006,API0025,0.6
APP006,API0024,0.6
APP006,API0027,0.6
APP006,API0028,0.6
APP007,API0034,0.6
APP007,API0032,0.6
APP007,API0038,0.6
APP007,API0037,0.6
APP007,API0039,0.6
APP007,API0033,0.6
APP007,API0044,0.6
APP008,API0040,0.6
APP008,API0043,0.6
APP009,API0031,0.6
APP009,API0045,0.6
APP009,API0036,0.6
APP009,API0042,0.6
APP009,API0041,0.6
APP009,API0035,0.6
APP010,API0058,0.6
APP010,API0060,0.6
APP010,API0054,0.6
APP010,API0050,0.6
APP010,API0053,0.6
APP010,API0059,0.6
APP011,API0056,0.6
APP011,API0046,0.6
APP011,API0048,0.6
APP011,API0055,0.6
APP012,API0047,0.6
APP012,API0057,0.6
APP012,API0049,0.6
APP012,API0052,0.6
APP012,API0051,0.6
APP013,API0073,0.6
APP013,API0064,0.6
APP013,API0067,0.6
APP013,API0068,0.6
APP013,API0075,0.6
APP013,API0066,0.6
APP013,API0065,0.6
APP014,API0071,0.6
APP014,API0069,0.6
APP014,API0070,0.6
APP014,API0061,0.6
APP014,API0062,0.6
APP015,API0074,0.6
APP015,API0063,0.6
APP016,API0087,0.6
APP016,API0076,0.6
APP016,API0085,0.6
APP016,API0082,0.6
APP016,API0081,0.6
APP016,API0089,0.6
APP017,API0078,0.6
APP017,API0080,0.6
APP017,API0090,0.6
APP017,API0084,0.6
APP017,API0086,0.6
APP018,API0077,0.6
APP018,API0079,0.6
APP018,API0083,0.6
APP019,API0102,0.6
APP019,API0105,0.6
APP019,API0091,0.6
APP019,API0097,0.6
APP019,API0098,0.6
APP019,API0096,0.6
APP019,API0101,0.6
APP019,API0092,0.6
APP020,API0095,0.6
APP021,API0094,0.6
APP021,API0093,0.6
APP021,API0104,0.6
APP021,API0099,0.6
APP022,API0118,0.6
APP022,API0109,0.6
APP022,API0120,0.6
APP022,API0116,0.6
APP022,API0108,0.6
APP022,API0106,0.6
APP023,API0114,0.6
APP023,API0111,0.6
APP023,API0119,0.6
APP023,API0115,0.6
APP024,API0117,0.6
APP024,API0110,0.6
APP024,API0112,0.6
APP024,API0113,0.6
APP025,API0132,0.6
APP025,API0125,0.6
APP025,API0135,0.6
APP026,API0123,0.6
APP026,API0130,0.6
APP026,API0128,0.6
APP026,API0134,0.6
APP027,API0133,0.6
APP027,API0127,0.6
APP027,API0124,0.6
APP027,API0126,0.6
APP027,API0121,0.6
APP027,API0129,0.6
APP027,SHADOW018,0.6
APP028,API0150,0.6
APP028,API0138,0.6
APP028,API0145,0.6
APP028,API0146,0.6
APP028,API0147,0.6
APP028,API0148,0.6
APP028,API0144,0.6
APP028,API0137,0.6
APP028,API0136,0.6
APP028,SHADOW014,0.6
APP029,API0149,0.6
APP029,API0143,0.6
APP029,API0139,0.6
APP030,API0141,0.6
APP030,API0142,0.6
APP030,API0140,0.6
APP030,SHADOW015,0.6
APP031,API0156,0.6
APP031,API0158,0.6
APP031,API0164,0.6
APP031,API0152,0.6
APP031,API0165,0.6
APP032,API0159,0.6
APP032,API0154,0.6
APP032,API0163,0.6
APP032,SHADOW003,0.6
APP033,API0155,0.6
APP033,API0153,0.6
APP033,API0151,0.6
APP033,API0160,0.6
APP033,API0157,0.6
APP033,API0162,0.6
APP034,API0168,0.6
APP034,API0178,0.6
APP034,API0169,0.6
APP034,API0171,0.6
APP034,API0179,0.6
APP034,API0172,0.6
APP034,API0167,0.6
APP034,SHADOW001,0.6
APP035,API0166,0.6
APP035,API0180,0.6
APP035,API0170,0.6
APP036,API0177,0.6
APP036,API0174,0.6
APP036,API0173,0.6
APP036,API0176,0.6
APP036,API0175,0.6
APP037,API0186,0.6
APP037,API0195,0.6
APP037,API0188,0.6
APP038,API0181,0.6
APP038,API0183,0.6
APP038,API0185,0.6
APP038,API0182,0.6
APP038,API0189,0.6
APP038,API0184,0.6
APP038,API0187,0.6
APP039,API0193,0.6
APP039,API0194,0.6
APP039,API0191,0.6
APP039,API0190,0.6
APP040,API0204,0.6
APP040,API0200,0.6
APP040,API0203,0.6
APP040,API0207,0.6
APP040,API0206,0.6
APP041,API0209,0.6
APP041,API0205,0.6
APP041,API0199,0.6
APP041,API0198,0.6
APP041,API0201,0.6
APP041,API0208,0.6
APP042,API0196,0.6
APP042,API0197,0.6
APP042,API0210,0.6
APP042,API0202,0.6
APP043,API0211,0.6
APP043,API0219,0.6
APP043,API0221,0.6
APP043,API0225,0.6
APP043,API0222,0.6
APP043,API0214,0.6
APP043,SHADOW009,0.6
APP044,API0223,0.6
APP044,API0218,0.6
APP044,SHADOW011,0.6
APP045,API0212,0.6
APP045,API0224,0.6
APP045,API0220,0.6
APP045,API0216,0.6
APP045,API0217,0.6
APP045,API0213,0.6
APP046,API0235,0.6
APP046,API0239,0.6
APP046,API0238,0.6
APP046,API0240,0.6
APP046,API0237,0.6
APP046,SHADOW002,0.6
APP047,API0226,0.6
APP047,API0233,0.6
APP048,API0230,0.6
APP048,API0236,0.6
APP048,API0229,0.6
APP048,API0232,0.6
APP048,API0228,0.6
APP048,API0234,0.6
APP048,API0227,0.6
APP048,API0231,0.6
APP049,API0245,0.6
APP049,API0244,0.6
APP050,API0246,0.6
APP050,API0250,0.6
APP050,API0251,0.6
APP050,API0248,0.6
APP050,API0247,0.6
APP050,API0243,0.6
APP050,API0252,0.6
APP051,API0249,0.6
APP051,API0254,0.6
APP051,API0241,0.6
APP051,API0255,0.6
APP051,API0242,0.6
APP052,API0269,0.6
APP052,API0266,0.6
APP052,API0262,0.6
APP052,API0259,0.6
APP052,API0257,0.6
APP052,API0265,0.6
APP053,API0258,0.6
APP053,API0261,0.6
APP053,API0270,0.6
APP053,API0260,0.6
APP053,API0264,0.6
APP054,API0256,0.6
APP054,API0263,0.6
APP054,API0267,0.6
APP054,API0268,0.6
APP054,SHADOW012,0.6
APP055,API0281,0.6
APP055,API0279,0.6
APP055,API0276,0.6
APP055,API0285,0.6
APP055,API0284,0.6
APP056,API0273,0.6
APP056,API0272,0.6
APP056,API0275,0.6
APP056,API0283,0.6
APP057,API0278,0.6
APP057,API0282,0.6
APP057,API0280,0.6
APP057,API0274,0.6
APP058,API0300,0.6
APP058,API0288,0.6
APP058,API0290,0.6
APP058,API0294,0.6
APP059,API0299,0.6
APP059,API0292,0.6
APP059,API0287,0.6
APP059,API0297,0.6
APP059,API0291,0.6
APP059,API0295,0.6
APP059,API0289,0.6
APP060,API0298,0.6
APP060,API0286,0.6
APP060,API0293,0.6
APP060,API0296,0.6
APP061,API0308,0.6
APP061,API0305,0.6
APP061,API0311,0.6
APP061,API0315,0.6
APP061,API0301,0.6
APP062,API0312,0.6
APP062,API0302,0.6
APP062,API0304,0.6
APP062,SHADOW004,0.6
APP063,API0306,0.6
APP063,API0303,0.6
APP063,API0313,0.6
APP063,API0310,0.6
APP063,API0307,0.6
APP064,API0323,0.6
APP064,API0330,0.6
APP064,API0327,0.6
APP064,API0329,0.6
APP064,API0320,0.6
APP065,API0322,0.6
APP065,API0326,0.6
APP065,API0317,0.6
APP065,API0324,0.6
APP065,API0316,0.6
APP066,API0319,0.6
APP066,API0321,0.6
APP066,API0325,0.6
APP066,API0318,0.6
APP066,API0328,0.6
APP066,SHADOW019,0.6
APP067,API0343,0.6
APP067,API0336,0.6
APP067,API0333,0.6
APP067,API0339,0.6
APP067,API0337,0.6
APP068,API0342,0.6
APP068,API0338,0.6
APP068,API0340,0.6
APP068,SHADOW013,0.6
APP069,API0334,0.6
APP069,API0332,0.6
APP069,API0335,0.6
APP069,API0341,0.6
APP069,API0345,0.6
APP070,API0349,0.6
APP070,API0352,0.6
APP070,API0359,0.6
APP070,API0346,0.6
APP070,SHADOW017,0.6
APP071,API0347,0.6
APP072,API0358,0.6
APP072,API0350,0.6
APP072,API0357,0.6
APP072,API0353,0.6
APP072,API0356,0.6
APP072,API0354,0.6
APP072,API0355,0.6
APP072,API0348,0.6
APP072,API0351,0.6
APP072,API0360,0.6
APP073,API0374,0.6
APP073,API0370,0.6
APP073,API0367,0.6
APP074,API0362,0.6
APP074,API0365,0.6
APP074,API0375,0.6
APP074,API0366,0.6
APP074,API0361,0.6
APP074,API0364,0.6
APP075,API0372,0.6
APP075,API0363,0.6
APP075,API0371,0.6
APP075,API0369,0.6
APP075,API0368,0.6
APP076,API0385,0.6
APP076,API0390,0.6
APP077,API0377,0.6
APP077,API0383,0.6
APP077,API0382,0.6
APP077,API0381,0.6
APP077,API0379,0.6
APP077,API0380,0.6
APP078,API0384,0.6
APP078,API0389,0.6
APP078,API0376,0.6
APP078,API0387,0.6
APP078,API0378,0.6
APP078,API0388,0.6
APP079,API0391,0.6
APP079,API0401,0.6
APP079,API0405,0.6
APP079,API0395,0.6
APP079,API0393,0.6
APP079,API0399,0.6
APP079,API0403,0.6
APP080,API0397,0.6
APP080,API0396,0.6
APP080,API0400,0.6
APP080,API0394,0.6
APP080,API0392,0.6
APP081,API0398,0.6
APP081,API0404,0.6
APP081,API0402,0.6
APP082,API0419,0.6
APP082,API0415,0.6
APP082,API0409,0.6
APP082,API0412,0.6
APP082,API0410,0.6
APP082,API0420,0.6
APP083,API0411,0.6
APP083,API0413,0.6
APP083,API0416,0.6
APP083,API0406,0.6
APP084,API0407,0.6
APP084,API0417,0.6
APP084,API0408,0.6
APP084,API0418,0.6
APP085,API0433,0.6
APP085,API0435,0.6
APP085,API0434,0.6
APP085,API0425,0.6
APP085,API0431,0.6
APP085,SHADOW005,0.6
APP086,API0427,0.6
APP087,API0430,0.6
APP087,API0421,0.6
APP087,API0423,0.6
APP087,API0424,0.6
APP087,API0422,0.6
APP087,API0426,0.6
APP087,API0432,0.6
APP087,API0429,0.6
APP087,API0428,0.6
APP088,API0439,0.6
APP088,API0448,0.6
APP088,API0450,0.6
APP088,API0441,0.6
APP088,SHADOW010,0.6
APP088,SHADOW020,0.6
APP089,API0447,0.6
APP089,API0449,0.6
APP089,API0446,0.6
APP090,API0440,0.6
APP090,API0443,0.6
APP090,API0442,0.6
APP090,API0437,0.6
APP090,API0438,0.6
APP090,API0445,0.6
APP090,API0444,0.6
APP091,API0461,0.6
APP091,API0457,0.6
APP091,API0463,0.6
APP092,API0465,0.6
APP092,API0453,0.6
APP092,API0452,0.6
APP092,API0455,0.6
APP092,API0464,0.6
APP093,API0458,0.6
APP093,API0454,0.6
APP093,API0451,0.6
APP093,API0462,0.6
APP093,API0456,0.6
APP093,SHADOW008,0.6
APP094,API0478,0.6
APP094,API0474,0.6
APP094,API0471,0.6
APP094,API0472,0.6
APP094,API0469,0.6
APP094,API0476,0.6
APP095,API0470,0.6
APP096,API0480,0.6
APP096,API0473,0.6
APP096,API0479,0.6
APP096,API0468,0.6
APP096,API0466,0.6
APP096,API0477,0.6
APP096,API0475,0.6
APP097,API0495,0.6
APP097,API0487,0.6
APP097,API0490,0.6
APP097,API0486,0.6
APP097,API0491,0.6
APP097,API0494,0.6
APP097,API0493,0.6
APP098,API0483,0.6
APP098,API0482,0.6
APP098,API0485,0.6
APP098,SHADOW006,0.6
APP099,API0489,0.6
APP099,API0484,0.6
APP099,API0481,0.6
APP099,API0488,0.6
APP100,API0509,0.6
APP100,API0503,0.6
APP100,API0500,0.6
APP100,API0508,0.6
APP100,API0505,0.6
APP101,API0498,0.6
APP101,API0501,0.6
APP101,API0497,0.6
APP101,API0510,0.6
APP101,API0506,0.6
APP102,API0499,0.6
APP102,API0507,0.6
APP102,API0496,0.6
APP102,API0502,0.6
APP102,API0504,0.6
APP103,API0522,0.6
APP103,API0525,0.6
APP103,API0519,0.6
APP103,API0515,0.6
APP103,API0517,0.6
APP103,API0518,0.6
APP103,API0524,0.6
APP103,API0511,0.6
APP104,API0512,0.6
APP104,API0514,0.6
APP104,API0523,0.6
APP104,API0513,0.6
APP105,API0520,0.6
APP105,API0516,0.6
APP105,API0521,0.6
APP105,SHADOW016,0.6
APP106,API0529,0.6
APP106,API0536,0.6
APP106,API0533,0.6
APP106,API0528,0.6
APP106,API0531,0.6
APP106,API0532,0.6
APP107,API0527,0.6
APP107,API0534,0.6
APP107,API0537,0.6
APP107,API0539,0.6
APP107,API0526,0.6
APP107,API0538,0.6
APP107,SHADOW007,0.6
APP108,API0540,0.6
APP108,API0530,0.6
APP108,API0535,0.6
API0230,HR,0.4
API0074,DevOps,0.4
API0522,Analytics,0.4
API0087,Analytics,0.4
API0470,Identity,0.4
API0078,CRM,0.4
API0298,Payments,0.4
API0419,Storage,0.4
API0343,DevOps,0.4
API0384,CRM,0.4
API0007,Payments,0.4
API0118,Finance,0.4
API0411,Payments,0.4
API0076,CRM,0.4
API0273,HR,0.4
API0196,Analytics,0.4
API0495,Payments,0.4
API0102,Storage,0.4
API0527,Payments,0.4
API0056,Payments,0.4
API0374,DevOps,0.4
API0186,Storage,0.4
API0299,Payments,0.4
API0168,Finance,0.4
API0480,Payments,0.4
API0003,Analytics,0.4
API0181,Payments,0.4
API0358,Identity,0.4
API0011,Storage,0.4
API0312,Identity,0.4
API0372,Storage,0.4
API0177,CRM,0.4
API0246,Identity,0.4
API0465,DevOps,0.4
API0350,Storage,0.4
API0525,Finance,0.4
API0415,Storage,0.4
API0073,Payments,0.4
API0197,Identity,0.4
API0269,Finance,0.4
API0322,CRM,0.4
API0489,Finance,0.4
API0141,Analytics,0.4
API0458,Finance,0.4
API0174,Analytics,0.4
API0080,Analytics,0.4
API0363,DevOps,0.4
API0397,DevOps,0.4
API0534,CRM,0.4
API0031,Identity,0.4
API0236,Finance,0.4
API0512,Analytics,0.4
API0498,Identity,0.4
API0010,DevOps,0.4
API0529,HR,0.4
API0326,HR,0.4
API0105,Identity,0.4
API0447,HR,0.4
API0371,Identity,0.4
API0159,Finance,0.4
API0250,Payments,0.4
API0317,CRM,0.4
API0077,Identity,0.4
API0536,Finance,0.4
API0071,Payments,0.4
API0487,Finance,0.4
API0461,Finance,0.4
API0369,Finance,0.4
API0272,Finance,0.4
API0133,HR,0.4
API0079,Storage,0.4
API0150,CRM,0.4
API0336,Analytics,0.4
API0209,Payments,0.4
API0069,Identity,0.4
API0251,DevOps,0.4
API0064,CRM,0.4
API0235,Analytics,0.4
API0210,Analytics,0.4
API0083,CRM,0.4
API0193,HR,0.4
API0034,Identity,0.4
API0085,Storage,0.4
API0178,Identity,0.4
API0001,CRM,0.4
API0012,Analytics,0.4
API0473,HR,0.4
API0023,HR,0.4
API0357,Finance,0.4
API0091,Storage,0.4
API0090,Finance,0.4
API0154,Payments,0.4
API0278,Storage,0.4
API0138,Identity,0.4
API0377,HR,0.4
API0132,Finance,0.4
API0430,Identity,0.4
API0019,Finance,0.4
API0281,DevOps,0.4
API0449,Identity,0.4
API0016,HR,0.4
API0308,Identity,0.4
API0040,Identity,0.4
API0499,Payments,0.4
API0149,HR,0.4
API0047,HR,0.4
API0094,Payments,0.4
API0407,Finance,0.4
API0183,Finance,0.4
API0245,Finance,0.4
API0540,DevOps,0.4
API0391,Analytics,0.4
API0454,Analytics,0.4
API0353,CRM,0.4
API0256,HR,0.4
API0306,Analytics,0.4
API0519,Finance,0.4
API0401,Storage,0.4
API0319,Analytics,0.4
API0239,Analytics,0.4
API0537,Analytics,0.4
API0490,Storage,0.4
API0385,Analytics,0.4
API0070,Storage,0.4
API0383,CRM,0.4
API0323,Payments,0.4
API0347,Finance,0.4
API0356,Finance,0.4
API0156,CRM,0.4
API0248,Identity,0.4
API0125,Identity,0.4
API0382,HR,0.4
API0205,Analytics,0.4
API0173,Identity,0.4
API0212,Identity,0.4
API0398,Identity,0.4
API0509,Analytics,0.4
API0478,Identity,0.4
API0211,Storage,0.4
API0300,Finance,0.4
API0427,HR,0.4
API0020,Storage,0.4
API0368,Finance,0.4
API0057,CRM,0.4
API0219,Finance,0.4
API0451,Finance,0.4
API0439,DevOps,0.4
API0533,Storage,0.4
API0503,Storage,0.4
API0026,Storage,0.4
API0279,DevOps,0.4
API0043,Identity,0.4
API0440,DevOps,0.4
API0249,DevOps,0.4
API0433,Storage,0.4
API0334,Identity,0.4
API0155,Analytics,0.4
API0127,HR,0.4
API0276,Payments,0.4
API0362,Storage,0.4
API0032,CRM,0.4
API0114,Payments,0.4
API0381,HR,0.4
API0474,Finance,0.4
API0370,Analytics,0.4
API0058,HR,0.4
API0333,Analytics,0.4
API0025,CRM,0.4
API0018,Payments,0.4
API0457,Finance,0.4
API0067,DevOps,0.4
API0229,Analytics,0.4
API0483,Finance,0.4
API0514,Storage,0.4
API0443,Finance,0.4
API0095,Finance,0.4
API0185,HR,0.4
API0292,Identity,0.4
API0024,Storage,0.4
API0266,HR,0.4
API0288,Identity,0.4
API0484,Payments,0.4
API0006,HR,0.4
API0117,CRM,0.4
API0046,Payments,0.4
API0232,HR,0.4
API0305,Analytics,0.4
API0017,HR,0.4
API0049,Payments,0.4
API0396,DevOps,0.4
API0004,DevOps,0.4
API0413,Finance,0.4
API0223,DevOps,0.4
API0061,Analytics,0.4
API0520,Payments,0.4
API0111,Finance,0.4
API0354,Identity,0.4
API0290,Finance,0.4
API0030,DevOps,0.4
API0530,DevOps,0.4
API0453,Payments,0.4
API0027,HR,0.4
API0008,Analytics,0.4
API0182,DevOps,0.4
API0501,DevOps,0.4
API0109,HR,0.4
API0038,Finance,0.4
API0158,Payments,0.4
API0515,Analytics,0.4
API0119,DevOps,0.4
API0115,HR,0.4
API0287,Payments,0.4
API0204,Storage,0.4
API0176,DevOps,0.4
API0226,DevOps,0.4
API0221,DevOps,0.4
API0145,Storage,0.4
API0195,Identity,0.4
API0409,HR,0.4
API0421,Finance,0.4
API0238,CRM,0.4
API0282,Identity,0.4
API0404,Identity,0.4
API0523,Payments,0.4
API0142,Identity,0.4
API0405,Analytics,0.4
API0068,Identity,0.4
API0297,Storage,0.4
API0228,Payments,0.4
API0169,HR,0.4
API0189,DevOps,0.4
API0517,Analytics,0.4
API0416,Identity,0.4
API0417,Storage,0.4
API0194,HR,0.4
API0082,Storage,0.4
API0110,Identity,0.4
API0321,CRM,0.4
API0146,Analytics,0.4
API0093,Payments,0.4
API0153,HR,0.4
API0262,DevOps,0.4
API0435,Identity,0.4
API0448,Payments,0.4
API0395,Storage,0.4
API0084,Payments,0.4
API0104,HR,0.4
API0166,Finance,0.4
API0164,Finance,0.4
API0200,Identity,0.4
API0330,Analytics,0.4
API0075,Finance,0.4
API0342,DevOps,0.4
API0258,CRM,0.4
API0518,Storage,0.4
API0120,Identity,0.4
API0311,Payments,0.4
API0349,Identity,0.4
API0393,Identity,0.4
API0442,Storage,0.4
API0423,Identity,0.4
API0275,Analytics,0.4
API0365,Payments,0.4
API0424,Finance,0.4
API0303,Payments,0.4
API0037,Identity,0.4
API0140,DevOps,0.4
API0254,Finance,0.4
API0516,HR,0.4
API0060,Finance,0.4
API0112,Analytics,0.4
API0291,DevOps,0.4
API0355,Identity,0.4
API0263,DevOps,0.4
API0400,DevOps,0.4
API0151,Payments,0.4
API0267,Identity,0.4
API0422,Payments,0.4
API0039,Storage,0.4
API0348,Payments,0.4
API0199,HR,0.4
API0285,Analytics,0.4
API0147,Payments,0.4
API0434,Payments,0.4
API0148,Storage,0.4
API0450,Storage,0.4
API0486,Storage,0.4
API0124,Payments,0.4
API0408,CRM,0.4
API0097,HR,0.4
API0144,Storage,0.4
API0240,Identity,0.4
API0302,DevOps,0.4
API0098,Finance,0.4
API0437,CRM,0.4
API0294,Storage,0.4
API0389,DevOps,0.4
API0123,CRM,0.4
API0184,Identity,0.4
API0203,Identity,0.4
API0247,Identity,0.4
API0339,HR,0.4
API0491,Identity,0.4
API0463,CRM,0.4
API0332,Analytics,0.4
API0438,Identity,0.4
API0313,CRM,0.4
API0126,Analytics,0.4
API0335,Identity,0.4
API0224,CRM,0.4
API0462,Analytics,0.4
API0220,Identity,0.4
API0130,Storage,0.4
API0507,Identity,0.4
API0324,CRM,0.4
API0500,HR,0.4
API0418,Analytics,0.4
API0497,Storage,0.4
API0394,DevOps,0.4
API0325,DevOps,0.4
API0295,DevOps,0.4
API0406,DevOps,0.4
API0376,Analytics,0.4
API0337,HR,0.4
API0113,CRM,0.4
API0180,DevOps,0.4
API0341,Finance,0.4
API0375,Analytics,0.4
API0366,CRM,0.4
API0315,Finance,0.4
API0152,Finance,0.4
API0399,CRM,0.4
API0234,HR,0.4
API0494,HR,0.4
API0426,Identity,0.4
API0165,Identity,0.4
API0318,Payments,0.4
API0137,Payments,0.4
API0198,Finance,0.4
API0259,Identity,0.4
API0233,HR,0.4
API0116,Identity,0.4
API0121,CRM,0.4
API0387,CRM,0.4
API0225,HR,0.4
API0445,HR,0.4
API0528,Payments,0.4
API0128,Storage,0.4
API0531,Analytics,0.4
API0286,Analytics,0.4
API0479,Storage,0.4
API0513,DevOps,0.4
API0108,Payments,0.4
API0539,Finance,0.4
API0361,CRM,0.4
API0134,DevOps,0.4
API0403,Storage,0.4
API0045,HR,0.4
API0510,Payments,0.4
API0066,Finance,0.4
API0284,Storage,0.4
API0086,Storage,0.4
API0243,Storage,0.4
API0187,Payments,0.4
API0425,Payments,0.4
API0160,CRM,0.4
API0013,HR,0.4
API0036,HR,0.4
API0029,Payments,0.4
API0171,Storage,0.4
API0143,DevOps,0.4
API0441,HR,0.4
API0378,Storage,0.4
API0222,Payments,0.4
API0096,Finance,0.4
API0052,Payments,0.4
API0241,HR,0.4
API0412,HR,0.4
API0352,Identity,0.4
API0468,Payments,0.4
API0179,HR,0.4
API0432,Finance,0.4
API0042,Analytics,0.4
API0482,CRM,0.4
API0429,Finance,0.4
API0207,Identity,0.4
API0283,Storage,0.4
API0359,Storage,0.4
API0255,HR,0.4
API0456,HR,0.4
API0005,Identity,0.4
API0257,Finance,0.4
API0496,CRM,0.4
API0101,Analytics,0.4
API0227,HR,0.4
API0471,Finance,0.4
API0214,Identity,0.4
API0466,Finance,0.4
API0172,DevOps,0.4
API0099,Analytics,0.4
API0293,DevOps,0.4
API0216,Storage,0.4
API0062,HR,0.4
API0048,Analytics,0.4
API0033,DevOps,0.4
API0268,Analytics,0.4
API0328,Finance,0.4
API0201,DevOps,0.4
API0493,CRM,0.4
API0028,CRM,0.4
API0472,CRM,0.4
API0231,Payments,0.4
API0261,DevOps,0.4
API0379,DevOps,0.4
API0289,Identity,0.4
API0163,Analytics,0.4
API0392,Analytics,0.4
API0469,Identity,0.4
API0139,CRM,0.4
API0063,Finance,0.4
API0136,HR,0.4
API0129,Finance,0.4
API0524,Identity,0.4
API0009,Identity,0.4
API0327,Storage,0.4
API0345,Storage,0.4
API0065,Storage,0.4
API0301,Analytics,0.4
API0015,Analytics,0.4
API0157,Finance,0.4
API0041,CRM,0.4
API0380,Analytics,0.4
API0508,HR,0.4
API0452,DevOps,0.4
API0217,DevOps,0.4
API0410,CRM,0.4
API0280,DevOps,0.4
API0481,Storage,0.4
API0477,DevOps,0.4
API0338,Payments,0.4
API0237,Storage,0.4
API0208,Analytics,0.4
API0213,Analytics,0.4
API0296,Identity,0.4
API0505,Identity,0.4
API0252,CRM,0.4
API0532,Payments,0.4
API0506,CRM,0.4
API0304,Finance,0.4
API0351,CRM,0.4
API0270,Finance,0.4
API0502,Payments,0.4
API0202,Identity,0.4
API0162,Identity,0.4
API0044,Analytics,0.4
API0218,Payments,0.4
API0402,Identity,0.4
API0191,Payments,0.4
API0310,HR,0.4
API0260,Analytics,0.4
API0106,Payments,0.4
API0054,DevOps,0.4
API0390,Identity,0.4
API0002,Identity,0.4
API0488,Storage,0.4
API0360,Analytics,0.4
API0050,Analytics,0.4
API0420,Payments,0.4
API0081,CRM,0.4
API0206,Storage,0.4
API0035,Analytics,0.4
API0431,Identity,0.4
API0264,Analytics,0.4
API0428,Storage,0.4
API0455,HR,0.4
API0444,Storage,0.4
API0367,Finance,0.4
API0092,Finance,0.4
API0340,Storage,0.4
API0521,Analytics,0.4
API0053,Finance,0.4
API0346,Finance,0.4
API0265,Finance,0.4
API0242,Identity,0.4
API0014,Analytics,0.4
API0316,Storage,0.4
API0089,Payments,0.4
API0388,Identity,0.4
API0274,Storage,0.4
API0167,Identity,0.4
API0329,Analytics,0.4
API0535,Identity,0.4
API0135,Analytics,0.4
API0307,HR,0.4
API0485,Storage,0.4
API0526,CRM,0.4
API0320,Payments,0.4
API0244,Payments,0.4
API0055,HR,0.4
API0364,HR,0.4
API0051,Analytics,0.4
API0504,Storage,0.4
API0175,Payments,0.4
API0446,Identity,0.4
API0190,CRM,0.4
API0538,CRM,0.4
API0464,Analytics,0.4
API0188,Storage,0.4
API0476,HR,0.4
API0170,CRM,0.4
API0511,HR,0.4
API0059,Identity,0.4
API0475,Analytics,0.4
SHADOW001,Storage,0.4
SHADOW002,Analytics,0.4
SHADOW003,HR,0.4
SHADOW004,Analytics,0.4
SHADOW005,Identity,0.4
SHADOW006,DevOps,0.4
SHADOW007,Analytics,0.4
SHADOW008,HR,0.4
SHADOW009,DevOps,0.4
SHADOW010,Identity,0.4
SHADOW011,Storage,0.4
SHADOW012,Analytics,0.4
SHADOW013,CRM,0.4
SHADOW014,Identity,0.4
SHADOW015,Payments,0.4
SHADOW016,Storage,0.4
SHADOW017,Identity,0.4
SHADOW018,Storage,0.4
SHADOW019,DevOps,0.4
SHADOW020,DevOps,0.4
